t,Rf,VT,VE,IV,VO2,VCO2,RQ,O2exp,CO2exp,VE/VO2,VE/VCO2,VO2/Kg,METS,HR
s,1/min,L(btps),L/min,mL,mL/min,mL/min,---,mL,mL,---,---,mL/min/Kg,---,bpm
00:04,11.32,1.656,18.747,1784,508.4164747,484.4783974,0.95,291.7,53.5,35.3,37.1,8.01,2.3,106
00:10,10.53,2.121,22.326,1989,575.8812915,575.0862012,1,376.4,68.3,37.5,37.5,9.07,2.6,105
00:14,14.25,1.406,20.038,1266,483.8800461,476.0189084,0.98,252.5,41.8,39.3,40,7.62,2.2,105
00:18,14.42,1.256,18.115,1127,434.128653,424.0296539,0.98,225.9,36.8,39.4,40.3,6.84,2,103
00:22,17.54,1.324,23.228,1401,549.6017421,545.2361176,0.99,238.5,38.9,40,40.3,8.66,2.5,103
00:26,14.25,1.948,27.762,1426,675.4963726,697.4701658,1.03,348.8,61.2,39.6,38.4,10.64,3,103
00:30,13.48,1.679,22.638,1819,478.5781911,514.695845,1.08,306.9,47.8,45.3,42.1,7.54,2.2,106
00:34,16.09,1.151,18.515,1147,356.9612016,382.2721386,1.07,213.1,29.8,48.7,45.5,5.62,1.6,106
00:38,12.9,1.458,18.813,1346,387.4875393,426.5969184,1.1,267.3,41.4,46.2,42,6.1,1.7,104
00:43,15.11,1.184,17.894,1080,359.9411377,389.606348,1.08,217.9,32.3,46.8,43.2,5.67,1.6,104
00:47,13.25,2.007,26.583,1688,572.7168576,638.3104651,1.11,365.4,60.3,44.8,40.2,9.02,2.6,103
00:50,17.8,2.176,38.742,1197,851.0298835,942.1340153,1.11,395.1,66.2,44.1,39.8,13.4,3.8,105
00:53,25.42,0.394,10.017,1292,62.1269433,66.7701659,1.07,79.4,3.4,132.6,123.4,0.98,0.3,105
00:58,13.42,1.163,15.611,1131,281.8267044,317.8542932,1.13,216.8,29.7,52.1,46.2,4.44,1.3,103
01:02,14.18,1.033,14.652,951,285.7032394,304.3095162,1.07,191,26.9,47.8,44.9,4.5,1.3,106
01:07,10.49,0.389,4.08,408,64.0360825,63.2480724,0.99,73.9,7.6,52.3,52.9,1.01,0.3,99
01:11,15.83,1.374,21.752,1117,582.494226,536.6131827,0.92,242.9,42.4,35.4,38.5,9.17,2.6,105
01:14,17.8,1.214,21.614,1245,537.8749404,489.0493444,0.91,217.5,34.4,37.9,41.6,8.47,2.4,109
01:17,20,1.133,22.66,1049,540.1376255,493.1961218,0.91,204.4,30.9,39.4,43.1,8.51,2.4,109
01:21,18.75,0.821,15.394,719,333.7433606,301.7729037,0.9,150.3,20.2,42.2,46.7,5.26,1.5,109
01:25,12.68,1.704,21.615,1620,542.2658128,521.0904712,0.96,304.3,51.4,38.2,39.8,8.54,2.4,108
01:30,13.64,1.497,20.414,1378,488.9148952,476.0447454,0.97,269.3,43.7,39.8,40.9,7.7,2.2,106
01:35,11.28,1.756,19.805,1036,530.7785824,518.8360461,0.98,309.7,57.5,35.8,36.6,8.36,2.4,104
01:39,13.7,1.076,14.74,1279,344.1765191,316.9793216,0.92,194.7,29,40,43.5,5.42,1.5,111
01:42,27.27,0.57,15.545,532,317.6401604,277.6978343,0.87,105.3,12.8,42.9,49.1,5,1.4,111
01:44,31.91,0.237,7.564,127,178.0845942,155.2243431,0.87,42.9,6.1,29.9,34.3,2.8,0.8,111
01:46,25.1,0.281,7.054,279,113.9807712,95.309107,0.84,53.4,4.8,46.5,55.6,1.79,0.5,111
01:50,13.73,1.537,21.103,1288,628.2272232,538.0439771,0.86,266.9,49,32.1,37.4,9.89,2.8,109
01:53,18.4,0.393,7.233,33,278.9785774,239.1384534,0.86,64.1,16.2,21.3,24.9,4.39,1.3,109
01:56,20.34,2.643,53.756,1316,2010.641068,1642.995812,0.82,435.8,100.8,26,31.9,31.66,9,110
01:59,24.59,1.243,30.566,2734,522.3853149,515.905896,0.99,234,26.4,55.2,55.9,8.23,2.4,112
02:02,21.28,0.897,19.085,781,356.898815,367.7821567,1.03,166.9,21.7,49.3,47.8,5.62,1.6,108
02:05,16.22,1.289,20.903,1148,427.1835441,443.7483571,1.04,237,34.3,46.3,44.5,6.73,1.9,109
02:11,10.54,2.543,26.815,2460,546.9616616,620.8058979,1.14,466.4,73.7,47.7,42,8.61,2.5,111
02:15,15.19,1.063,16.147,951,337.0776387,354.0293953,1.05,194.8,29.2,44.7,42.6,5.31,1.5,111
02:19,16.95,0.955,16.186,887,364.5004412,359.9232278,0.99,173.4,26.6,41.2,41.7,5.74,1.6,107
02:24,12.07,1.645,19.859,1501,489.7030198,495.1903494,1.01,294.1,51.3,38.8,38.4,7.71,2.2,107
02:28,13.73,1.09,14.966,1025,346.0249635,336.554801,0.97,197.2,30.7,40.5,41.6,5.45,1.6,107
02:31,20.98,1.557,32.664,980,863.3831468,820.3188819,0.95,275.6,48.9,36.1,38,13.6,3.9,107
02:34,17.49,0.936,16.373,1110,354.7440549,338.9818356,0.96,171.1,24.3,42.7,44.7,5.59,1.6,109
02:39,16.35,0.752,12.294,691,265.5918113,248.9301287,0.94,137.6,19.1,42,44.8,4.18,1.2,109
02:41,18.75,0.497,9.319,421,208.4369254,179.2105818,0.86,90.7,12,38.4,44.7,3.28,0.9,108
02:45,15.67,1.247,19.535,935,544.9722137,487.2380822,0.89,219,38.9,33.8,37.8,8.58,2.5,106
02:47,23.08,0.706,16.292,837,384.8132539,329.2758543,0.86,127.8,17.9,38.1,44.6,6.06,1.7,103
02:51,20.83,0.861,17.938,884,450.8028087,385.6439971,0.86,154.3,23.2,36.6,42.7,7.1,2,101
02:55,13.07,0.73,9.542,657,232.359072,199.1208423,0.86,131.5,19.1,37.1,43.3,3.66,1,102
02:59,15.04,1.406,21.143,990,668.7647721,567.999911,0.85,241.1,47.2,30,35.4,10.53,3,104
03:02,18.52,0.449,8.315,676,159.5119632,133.7894006,0.84,83.7,9.1,44,52.5,2.51,0.7,104
03:06,15.38,1.521,23.4,1609,646.2641989,561.850442,0.87,267.9,45.7,34.5,39.7,10.18,2.9,106
03:08,33.71,1,33.708,605,862.5958953,758.9564554,0.88,178.5,28.2,36.3,41.3,13.58,3.9,106
03:09,57.14,0.073,4.171,191,25.6670673,31.0491457,1.21,14.7,0.7,6.7,5.5,0.4,0.1,107
03:11,28.57,0.806,23.029,490,608.1774913,499.3002128,0.82,143.4,21.9,34.6,42.1,9.58,2.7,109
03:13,28.71,0.35,10.048,954,117.7865376,94.3957606,0.8,68.4,4.2,68.2,85.2,1.85,0.5,110
03:16,18.29,1.68,30.732,117,1099.815927,964.9068673,0.88,279.3,65.8,26.8,30.5,17.32,4.9,107
03:19,20.98,1.91,40.07,2467,954.5555859,945.3746777,0.99,343.7,56.4,40.4,40.8,15.03,4.3,111
03:21,28.85,1.095,31.587,1241,650.5121249,643.9637399,0.99,201.4,28,45.5,45.9,10.24,2.9,114
03:24,23.81,1.177,28.024,810,650.4769768,642.7440214,0.99,212.7,33.8,40.5,41,10.24,2.9,118
03:29,12.5,1.905,23.812,1839,555.5251062,591.6713041,1.07,343.1,59.2,41.3,38.8,8.75,2.5,124
03:35,9.16,2.811,25.75,2973,534.6388623,629.772347,1.18,513.6,86,47,39.9,8.42,2.4,116
03:39,15.87,1.287,20.429,1239,409.2136497,448.5185692,1.1,236.9,35.4,47.2,43.1,6.44,1.8,110
03:43,14.22,1.068,15.185,1060,293.3990304,312.930988,1.07,197.7,27.6,48.4,45.3,4.62,1.3,113
03:47,15.42,1.407,21.702,1082,461.5111916,493.950585,1.07,257,40.1,44.7,41.7,7.27,2.1,113
03:50,20.83,0.81,16.875,850,303.653471,306.7067561,1.01,151.5,18.5,50.8,50.3,4.78,1.4,114
03:54,15.11,1.485,22.443,1165,500.5917497,519.1092721,1.04,269.6,43,42.7,41.2,7.88,2.3,114
03:58,15.35,1.597,24.506,1360,539.160117,561.3210919,1.04,290.5,45.8,43.5,41.7,8.49,2.4,115
04:01,18.4,1.239,22.804,1450,442.1016366,468.16437,1.06,229.3,31.9,48.7,46,6.96,2,119
04:06,12.27,1.607,19.718,1080,414.6299147,453.7651986,1.09,293.8,46.3,45.5,41.6,6.53,1.9,112
04:10,13.57,2.471,33.543,1068,871.7179418,908.3255961,1.04,437.2,83.6,37.4,35.9,13.73,3.9,112
04:11,56.07,0.938,52.598,1441,805.6157384,845.9250878,1.05,178.4,19,60.4,57.5,12.69,3.6,112
04:13,40.27,0.779,31.369,1205,356.2067751,391.0265201,1.1,151.9,12.3,80.2,73,5.61,1.6,112
04:16,23.9,0.756,18.072,959,227.9785554,251.6642828,1.1,146.2,13.3,71.9,65.2,3.59,1,114
04:18,21.66,1.888,40.895,1049,874.2173412,960.4936455,1.1,344.3,55.5,45,41,13.77,3.9,117
04:20,48.78,0.414,20.195,1270,115.6823317,119.8918343,1.04,83.7,3.2,145.1,140,1.82,0.5,117
04:27,7.84,2.896,22.714,1208,557.0912166,603.7838957,1.08,516.9,96.2,39.8,36.7,8.77,2.5,112
04:29,32.43,1.664,53.968,1493,972.7382751,1041.184674,1.07,310.7,40.3,53.1,49.7,15.32,4.4,116
04:30,53.57,1.224,65.571,1540,857.7006591,985.4737765,1.15,235.8,23.2,72.1,62.7,13.51,3.9,118
04:46,10.1,2.964,29.939,2898,487.3532127,616.2312175,1.26,557.5,76.5,60,47.4,7.67,2.2,115
04:50,13.3,1.231,16.377,1141,301.6828095,335.2147566,1.11,229,31.6,51.2,46.1,4.75,1.4,120
04:53,21.58,0.558,12.043,624,162.807323,169.1645215,1.04,107.4,9.9,64.7,62.3,2.56,0.7,120
04:56,17.54,1.722,30.211,991,697.5868842,726.2942818,1.04,310.9,51.8,41.5,39.9,10.99,3.1,118
04:57,146.34,0.126,18.439,79,167.4657132,314.1183856,1.88,24.7,2.7,48.9,26.1,2.64,0.8,118
04:58,51.72,1.01,52.241,357,1115.17869,1110.036625,1,184.8,26.9,43.6,43.8,17.56,5,118
04:59,70.59,0.873,61.624,1385,746.545669,763.3223338,1.02,169.6,13.7,75.9,74.3,11.76,3.4,118
05:01,31.91,0.757,24.16,1284,278.9859941,297.208123,1.07,147.5,11.8,78.6,73.8,4.39,1.3,117
05:02,63.16,0.087,5.495,105,69.9683751,80.0726022,1.14,16.8,1.6,15.3,13.4,1.1,0.3,117
05:05,18.81,1.446,27.197,1462,476.7244473,524.4111954,1.1,270.7,35,54.3,49.4,7.51,2.1,115
05:10,12.9,2.448,31.587,2086,611.0035784,691.068441,1.13,452.3,67.1,50.2,44.4,9.62,2.7,115
05:12,19.74,1.493,29.467,1157,633.622551,660.280865,1.04,272.5,41.9,44.3,42.5,9.98,2.9,118
05:15,22.47,0.616,13.843,1024,167.3753924,170.2496596,1.02,119.7,9.6,73.3,72.1,2.64,0.8,118
05:18,21.58,0.463,9.993,93,221.147117,225.7679199,1.02,84.2,13.1,38.4,37.6,3.48,1,115
05:21,18.81,0.443,8.332,737,125.7977493,108.5046045,0.86,84.7,7.3,55.8,64.7,1.98,0.6,113
05:25,15.62,1.119,17.484,788,481.4876298,400.5494195,0.83,197.5,32.1,34,40.9,7.58,2.2,112
05:28,19.17,0.721,13.821,908,325.295779,262.5515791,0.81,130.8,17.2,38.4,47.5,5.12,1.5,119
05:31,20.69,0.655,13.552,622,297.9479893,226.8390635,0.76,120.2,13.8,40.6,53.4,4.69,1.3,119
05:31,133.33,0.072,9.6,37,163.7428531,191.2915981,1.17,13.5,1.8,1.6,1.4,2.58,0.7,119
05:34,27.03,0.259,7,110,201.5975588,159.707711,0.79,45.4,7.4,25.3,32,3.17,0.9,115
05:37,15.35,1.099,16.864,377,743.2997963,512.7366418,0.69,174.1,41.7,21.2,30.8,11.71,3.3,113
05:39,34.09,0.585,19.943,1423,398.7255281,266.8480702,0.67,109,9.9,44,65.8,6.28,1.8,112
05:41,34.68,0.365,12.659,402,297.0148833,192.4950074,0.65,66.6,7,34.4,53.2,4.68,1.3,111
05:43,27.65,0.449,12.415,363,326.8973596,217.6471574,0.67,80.4,9.9,32.1,48.1,5.15,1.5,110
05:46,29.27,0.361,10.566,401,243.0420836,153.0017222,0.63,66.1,6.6,35,55.7,3.83,1.1,107
05:50,13.3,2.059,27.392,1785,1057.338662,729.1188061,0.69,339.2,68.5,25,36.3,16.65,4.8,108
05:51,43.48,0.377,16.391,194,519.5739471,343.2546713,0.66,65.2,9.9,25.7,38.9,8.18,2.3,107
05:54,19.61,1.869,36.647,398,1752.942231,1161.540882,0.66,288.6,73.9,20.1,30.4,27.61,7.9,110
05:55,42.25,1.084,45.803,1846,986.5712424,717.4409286,0.73,199.7,21.4,43.4,59.7,15.54,4.4,112
05:59,18.35,1.245,22.844,1571,492.7852846,416.1262229,0.84,228.5,28.5,43.8,51.8,7.76,2.2,114
06:04,10.4,3.169,32.953,2209,862.1150275,842.5130195,0.98,561.4,101.3,37.4,38.2,13.58,3.9,113
06:07,25.32,1.061,26.861,1833,442.7432767,440.3640008,0.99,200.5,21.9,56.7,57,6.97,2,114
06:12,13.64,1.647,22.459,1482,471.4748569,494.1726637,1.05,301.6,45.4,45.6,43.5,7.42,2.1,116
06:15,15.46,0.272,4.206,389,41.1678008,43.7289415,1.06,53.6,3.6,75.9,71.4,0.65,0.2,116
06:16,65.93,0.075,4.945,224,30.8835433,35.7826897,1.16,15.1,0.7,10.7,9.2,0.49,0.1,116
06:19,24.19,0.709,17.153,515,426.3216888,354.9777192,0.83,127.4,18.4,36.3,43.6,6.71,1.9,114
06:21,26.09,0.182,4.748,268,81.7460348,63.9559194,0.78,34.4,3.1,35.7,45.7,1.29,0.4,114
06:24,21.66,0.948,20.534,765,720.6884091,514.3303362,0.71,159.8,29.7,26.4,37,11.35,3.2,110
06:28,15.62,1.213,18.953,1019,800.7004174,535.4153166,0.67,195,42.8,22.3,33.4,12.61,3.6,108
06:31,17.8,0.689,12.267,629,475.0996172,300.2321628,0.63,113.8,21.1,23.2,36.7,7.48,2.1,109
06:32,42.55,1.062,45.191,503,2240.121437,1380.906574,0.62,162.5,40.5,18.8,30.6,35.28,10.1,110
06:34,34.48,0.779,26.862,1343,779.7041937,463.1827127,0.59,137.5,16.9,31.4,52.8,12.28,3.5,112
06:36,29.41,0.422,12.412,371,406.2427066,243.6667686,0.6,72.7,10.4,25.5,42.5,6.4,1.8,111
06:39,18.29,0.939,17.177,802,721.6676695,440.2952898,0.61,151.8,30.1,22,36.1,11.36,3.2,111
06:42,21.43,0.728,15.6,700,645.8597265,385.3589343,0.6,118.3,22.5,21.8,36.6,10.17,2.9,112
06:45,25.86,1.063,27.491,858,1379.51157,811.9998951,0.59,162.3,39.2,18.6,31.6,21.72,6.2,114
06:47,26.79,0.942,25.232,807,1163.559755,679.3758472,0.58,148.2,31.7,20.1,34.4,18.32,5.2,116
06:49,34.09,1.233,42.034,1153,1961.625215,1173.396671,0.6,193,43,20.2,33.8,30.89,8.8,117
06:50,31.41,1.214,38.136,1271,1460.491398,936.4895933,0.64,201,37.3,24.6,38.4,23,6.6,118
06:52,32.09,0.941,30.193,1003,1181.654249,769.6956776,0.65,154.8,30,23.7,36.3,18.61,5.3,119
06:54,28.99,0.764,22.145,940,767.8484857,520.9625838,0.68,129.4,22.5,26.2,38.6,12.09,3.5,121
06:57,25.32,1.228,31.089,627,1509.786739,1019.100665,0.67,188.4,50.2,19.4,28.8,23.78,6.8,122
06:57,89.55,0.078,6.985,247,172.1089855,121.0241259,0.7,14.1,1.7,4.2,5.9,2.71,0.8,123
06:59,28.3,1.775,50.236,1445,2078.218603,1448.280651,0.7,286.6,63.9,23.2,33.3,32.73,9.4,126
07:02,23.62,1.192,28.157,1711,955.534389,685.2956102,0.72,202.5,36.3,27.7,38.7,15.05,4.3,128
07:05,22.56,1.312,29.594,1368,1197.295903,845.2985455,0.71,213.1,46.8,23.4,33.1,18.86,5.4,128
07:07,25,1.146,28.65,1058,1217.012442,845.0787629,0.69,183.6,42.2,22.1,31.8,19.17,5.5,128
07:09,25.64,1.213,31.103,1247,1376.094396,911.8479024,0.66,192.3,44.4,21.3,32.1,21.67,6.2,128
07:10,92.31,0.076,7.015,96,156.2729049,162.2140491,1.04,13.8,2.2,3.5,3.4,2.46,0.7,128
07:12,26.09,1.418,36.991,1386,1761.489588,1147.776057,0.65,219.5,54.9,20,30.6,27.74,7.9,130
07:15,25.64,1.402,35.949,1537,1642.768676,1090.926571,0.66,219.9,53.1,20.8,31.3,25.87,7.4,130
07:16,37.97,0.847,32.165,451,1631.832692,1047.422091,0.64,128.2,34.4,18.1,28.2,25.7,7.3,129
07:18,26.79,0.777,20.812,1460,732.2593243,470.4512625,0.64,131.4,22,25.9,40.3,11.53,3.3,130
07:22,16.67,1.334,22.233,1178,1135.681469,747.2557795,0.66,201.1,55.9,18.5,28.2,17.88,5.1,130
07:24,35.09,1.762,61.825,1414,3313.587416,2076.849857,0.63,261.3,73.8,17.9,28.6,52.18,14.9,131
07:26,27.78,1.673,46.472,1708,2246.103544,1496.57259,0.67,257.3,67.2,19.8,29.8,35.37,10.1,130
07:29,23.35,1.758,41.043,1782,1875.751639,1338.52527,0.71,274.7,71.5,21,29.4,29.54,8.4,129
07:30,30.61,1.476,45.184,1727,1755.712002,1272.015173,0.72,242.2,51.9,24.5,33.8,27.65,7.9,130
07:32,55.56,1.027,57.056,859,2154.65303,1610.220274,0.75,169.6,36.2,24.7,33,33.93,9.7,130
07:33,38.96,1.607,62.61,1497,2446.868574,1784.507971,0.73,263.2,57.2,24.5,33.6,38.53,11,131
07:35,27.27,1.767,48.191,1954,1788.073991,1406.821833,0.79,292.5,64.4,25.9,32.9,28.16,8,133
07:37,28.44,1.56,44.36,1598,1770.231271,1390.433492,0.79,253.1,61,23.9,30.5,27.88,8,135
07:39,34.48,1.193,41.138,1300,1502.141335,1156.78895,0.77,198.5,41.9,25.8,33.5,23.66,6.8,137
07:41,39.22,0.837,32.824,1609,959.3951729,713.4684458,0.74,146.6,22.8,31.4,42.2,15.11,4.3,138
07:41,82.19,0.921,75.699,296,2950.805515,2518.359966,0.85,149.8,38.2,23.7,27.8,46.47,13.3,138
07:43,29.13,2.143,62.417,1746,2650.110284,2029.597848,0.77,341.7,86.9,22.8,29.7,41.73,11.9,140
07:45,38.96,1.805,70.325,1975,2577.904001,2034.511874,0.79,299.7,65.2,26.2,33.2,40.6,11.6,141
07:47,35.5,1.824,64.757,2017,2177.280523,1799.125677,0.83,308.8,63.3,28.6,34.6,34.29,9.8,142
07:48,45.11,1.03,46.466,1706,1234.100923,1007.96486,0.82,183.1,28,35.1,43,19.43,5.6,143
07:50,35.09,1.035,36.316,444,1514.14387,1289.76731,0.85,165,45.8,22.4,26.3,23.84,6.8,143
07:50,136.36,0.301,41.045,174,863.2657516,1223.878712,1.42,54.5,11.2,36.5,25.7,13.59,3.9,144
07:52,44.12,1.614,71.206,1839,2650.80709,2092.136555,0.79,266.9,59.2,25.7,32.6,41.74,11.9,145
07:53,34.88,2.064,72,1973,2723.053798,2239.663703,0.82,339.2,80.1,25.5,31.1,42.88,12.3,146
07:56,20.98,3.549,74.455,3902,2402.92363,2256.173155,0.94,603.2,134.2,30.4,32.3,37.84,10.8,148
07:58,26.2,2.004,52.507,2140,1798.437186,1665.816961,0.93,336,79.3,28.2,30.4,28.32,8.1,149
08:01,26.2,1.771,46.402,1802,1840.69263,1621.072269,0.88,286.1,77.1,24.2,27.5,28.99,8.3,150
08:03,32.43,2.081,67.492,1952,2700.868257,2329.063241,0.86,335.7,89.5,24.1,28,42.53,12.2,150
08:05,29.56,2.237,66.118,2308,2448.526179,2142.610428,0.88,368.6,90.4,26.2,29.9,38.56,11,151
08:07,28.3,1.721,48.708,1976,1910.505872,1687.342358,0.88,278.9,74.3,24.5,27.7,30.09,8.6,152
08:08,34.29,1.311,44.949,1108,1882.836195,1576.542642,0.84,208.9,57.3,22.6,27,29.65,8.5,152
08:11,25.86,2.19,56.638,2196,2394.414163,2030.149229,0.85,347.7,97.8,22.9,27,37.71,10.8,153
08:13,23.81,3.407,81.119,3419,3009.83875,2679.244537,0.89,560.6,140.3,26.4,29.7,47.4,13.5,152
08:16,22.14,2.362,52.295,2588,2039.585568,1862.336732,0.91,382.7,104.8,24.9,27.2,32.12,9.2,152
08:19,22.3,2.943,65.643,2862,2571.191131,2394.094342,0.93,475.7,133.7,24.9,26.8,40.49,11.6,153
08:21,24.79,2.56,63.471,2710,2385.403283,2224.505765,0.93,418.7,111.8,25.9,27.8,37.57,10.7,153
08:23,27.4,2.495,68.356,2583,2579.713148,2394.350461,0.93,407.7,108.9,25.8,27.7,40.63,11.6,154
08:25,28.57,2.401,68.6,2669,2313.850659,2197.023248,0.95,403.6,95.9,28.8,30.3,36.44,10.4,155
08:27,32.61,2.27,74.022,2285,2484.313821,2326.60501,0.94,382.3,89,28.9,30.8,39.12,11.2,156
08:29,29.41,2.407,70.794,2298,2488.561525,2354.486264,0.95,400.5,99.8,27.6,29.2,39.19,11.2,157
08:31,27.15,3.253,88.317,3262,2730.94854,2684.923593,0.98,557.1,123.4,31.6,32.2,43.01,12.3,157
08:33,41.1,2.129,87.493,2393,2489.953692,2441.46288,0.98,371.1,74.2,34,34.7,39.21,11.2,158
08:36,22.56,2.239,50.504,2020,1842.425889,1814.261754,0.98,368.1,100.2,26.6,27,29.01,8.3,158
08:38,22.9,3.464,79.328,3566,2784.291263,2758.454926,0.99,575.2,150.1,27.9,28.2,43.85,12.5,160
08:41,23.53,3.271,76.965,3453,2518.640636,2551.709258,1.01,552.1,135.2,29.9,29.5,39.66,11.3,161
08:43,24.1,3.022,72.819,3088,2482.509103,2501.93488,1.01,505.1,129.4,28.7,28.4,39.09,11.2,161
08:45,32.09,2.477,79.476,2582,2638.841985,2588.631688,0.98,417.3,100.6,29.3,29.8,41.56,11.9,162
08:47,26.91,2.935,78.969,3032,2536.584669,2567.758452,1.01,497.6,119,30.4,30,39.95,11.4,162
08:51,18.46,4.019,74.197,4063,2368.502027,2531.51832,1.07,680.5,170.9,30.8,28.8,37.3,10.7,162
08:54,20.48,3.068,62.826,3078,2341.164395,2371.394476,1.01,500.6,144.2,26.2,25.9,36.87,10.5,162
08:55,32.79,2.281,74.787,2410,2398.867187,2371.121531,0.99,387.3,90.2,30.2,30.6,37.78,10.8,162
08:57,33.52,2.693,90.268,2760,2860.151779,2807.862343,0.98,458.7,104.5,30.7,31.3,45.04,12.9,162
08:59,33.15,2.22,73.591,2513,2284.560062,2266.418006,0.99,379.7,85.3,31.2,31.4,35.98,10.3,162
09:01,36.81,2.222,81.791,2118,2619.805898,2576.293186,0.98,377.5,87.3,30.2,30.7,41.26,11.8,162
09:02,32.79,2.378,77.967,2438,2598.066347,2595.828415,1,399.9,98.7,29.1,29.2,40.91,11.7,162
09:04,29.56,2.548,75.31,2611,2517.207202,2522.793045,1,428.1,106.4,29.1,29,39.64,11.3,162
09:07,26.2,2.606,68.279,2761,2321.167856,2327.12379,1,436,110.7,28.6,28.6,36.55,10.4,163
09:09,27.03,3.51,94.865,3673,2933.359655,2990.226584,1.02,600.1,138,31.7,31.1,46.19,13.2,163
09:11,29.56,3.092,91.389,3237,2540.5702,2704.377151,1.06,539.6,114.2,35.2,33,40.01,11.4,163
09:13,27.15,3.135,85.113,3205,2418.851488,2624.490426,1.09,544.2,120.6,34.4,31.7,38.09,10.9,163
09:15,29.41,2.723,80.088,2880,2251.92422,2399.232477,1.07,474.1,101.8,34.7,32.5,35.46,10.1,163
09:17,29.27,2.615,76.537,2607,2412.551947,2497.576901,1.04,444.8,106.4,30.9,29.8,37.99,10.9,163
09:20,21.98,4.031,88.593,4144,2661.02555,2856.97564,1.07,691.9,162.1,32.7,30.5,41.91,12,164
09:23,23.72,3.416,81.012,3595,2432.272435,2601.554884,1.07,586.5,136.8,32.6,30.5,38.3,10.9,164
09:25,20.91,3.199,66.878,3182,2327.727969,2423.49594,1.04,530.9,144.4,28.1,27,36.66,10.5,164
09:28,22.3,3.332,74.32,3596,2541.496541,2602.751534,1.02,556,145.4,28.6,28,40.02,11.4,165
09:31,21.43,3.293,70.564,3582,2400.791649,2492.106163,1.04,549.8,144.9,28.8,27.7,37.81,10.8,165
09:44,21.35,3.485,74.413,3640,2366.185054,2506.141204,1.06,590.9,146.3,30.8,29.1,37.26,10.6,167
09:46,23.44,3.779,88.57,3927,2666.508,2818.887476,1.06,648.8,150,32.6,30.8,41.99,12,166
09:49,27.4,2.944,80.658,3188,2328.582437,2439.303053,1.05,510.2,111.1,33.8,32.3,36.67,10.5,166
09:51,21.9,3.75,82.117,3727,2514.864543,2632.127147,1.05,641.7,149.9,32,30.6,39.6,11.3,167
09:54,20.07,4.063,81.532,4048,2588.356906,2676.562989,1.03,690,166.3,31,29.9,40.76,11.6,168
09:57,18.81,3.967,74.614,4198,2495.109913,2568.748909,1.03,665.5,170.2,29.4,28.5,39.29,11.2,168
10:01,17.96,3.787,68.03,3971,2446.724466,2471.875731,1.01,624.1,171.4,27.3,27,38.53,11,168
10:03,25.64,2.875,73.718,3102,2572.862576,2528.516854,0.98,478.3,122.9,28,28.4,40.52,11.6,168
10:05,29.13,2.492,72.583,2556,2580.82051,2521.942709,0.98,412.7,107.9,27.3,28,40.64,11.6,168
10:07,40,2.188,87.52,2444,2764.132026,2660.67665,0.96,373.3,83,30.6,31.8,43.53,12.4,169
10:09,32.61,3.022,98.543,2992,2897.203444,2873.361642,0.99,523,110,33.2,33.5,45.63,13,170
10:11,22.39,4.134,92.552,4231,2649.375913,2791.639813,1.05,717.5,155.6,34.3,32.6,41.72,11.9,170
10:14,25.64,2.968,76.103,3110,2448.872989,2467.541552,1.01,503.1,120,30.3,30.1,38.56,11,170
10:16,23.08,3.197,73.777,3412,2287.818971,2344.323699,1.02,546.1,126.7,31.5,30.8,36.03,10.3,170
10:17,49.18,2.344,115.279,2548,3305.083765,3177.219201,0.96,408.3,80.7,33.8,35.2,52.05,14.9,171
10:19,32.79,2.664,87.344,2576,2645.321666,2640.590421,1,458,100.5,32.2,32.2,41.66,11.9,171
10:22,25.64,4.062,104.154,4050,2928.993017,3052.467274,1.04,707.9,148.6,34.9,33.5,46.13,13.2,171
10:24,27.27,3.402,92.782,3619,2435.132965,2625.218188,1.08,600,120.2,37.3,34.6,38.35,11,172
10:26,21.98,3.789,83.275,3845,2432.6778,2575.636019,1.06,654.7,146.2,33.6,31.7,38.31,10.9,172
10:29,20.62,3.562,73.443,3519,2400.931408,2469.579276,1.03,600.9,149.3,30,29.2,37.81,10.8,172
10:32,27.15,3.174,86.172,3518,2706.062347,2670.229612,0.99,541.6,122.7,31.1,31.6,42.62,12.2,173
10:33,38.22,2.345,89.618,2312,2609.89265,2490.569328,0.95,407.3,81.4,33.3,34.9,41.1,11.7,173
10:36,24.59,3.57,87.787,3793,2590.504673,2622.536339,1.01,616.8,133.1,33.2,32.8,40.8,11.7,173
10:38,22.64,3.618,81.917,3836,2470.420713,2526.237552,1.02,621.9,139.2,32.5,31.8,38.9,11.1,173
10:40,30.93,3.171,98.072,3181,2910.781404,2874.053759,0.99,547.8,116,32.9,33.4,45.84,13.1,173
10:42,32.79,2.809,92.098,2858,2637.281911,2639.052767,1,488.6,100.5,34.1,34,41.53,11.9,173
10:44,27.27,2.696,73.527,2935,2283.982706,2313.29797,1.01,460.6,105.8,31.4,31,35.97,10.3,174
10:47,25.75,2.839,73.107,2702,2506.039796,2481.276434,0.99,474.3,120.1,28.5,28.7,39.47,11.3,174
10:49,25.86,4.034,104.328,4079,3109.512641,3116.674424,1,695.8,150.4,33,32.9,48.97,14,175
10:51,24.69,3.568,88.099,3719,2608.334024,2671.35522,1.02,615.7,135,33.1,32.3,41.08,11.7,174
10:54,24.79,3.259,80.802,3313,2536.320175,2556.335805,1.01,555.6,128.6,31.2,30.9,39.94,11.4,175
10:56,25.64,3.237,83,3628,2583.222788,2575.368011,1,553.2,125.3,31.4,31.5,40.68,11.6,175
10:58,27.4,2.916,79.89,2956,2524.855452,2497.192145,0.99,496.8,113.7,30.9,31.2,39.76,11.4,175
11:01,25.53,3.337,85.2,3286,2831.921233,2762.083804,0.98,562.2,134.9,29.5,30.2,44.6,12.7,176
11:03,21.82,3.899,85.069,3982,2737.398265,2759.305331,1.01,660.9,157.7,30.5,30.3,43.11,12.3,175
11:06,20.48,3.72,76.177,3842,2563.612578,2534.566181,0.99,624.4,154.3,29.2,29.5,40.37,11.5,175
11:09,20.48,3.988,81.666,4174,2682.512033,2687.053681,1,672.9,163.6,29.9,29.9,42.24,12.1,175
11:12,18.29,4.041,73.921,4178,2565.693415,2552.613086,0.99,672.8,173.9,28.3,28.5,40.4,11.5,176
11:16,18.18,3.953,71.873,4232,2521.252795,2483.162704,0.98,656.7,170.2,28,28.4,39.7,11.3,176
11:19,20.62,4.085,84.227,4237,2807.016535,2791.706746,0.99,687.1,168.8,29.5,29.7,44.2,12.6,175
11:21,21.58,3.55,76.619,3703,2621.062107,2602.592167,0.99,593.3,150.3,28.7,28.9,41.28,11.8,176
11:24,27.78,3.511,97.528,3727,2928.431195,2895.501267,0.99,605,130.1,32.6,33,46.12,13.2,176
11:25,41.1,2.242,92.137,2429,2573.460825,2499.863288,0.97,392.4,76,34.7,35.7,40.53,11.6,176
11:28,23.08,4.222,97.431,4151,2813.259959,2880.585043,1.02,732.4,155.8,34.1,33.3,44.3,12.7,176
11:31,19.35,3.904,75.561,4163,2381.586228,2455.599677,1.03,664.2,158.2,31.2,30.2,37.51,10.7,176
11:34,20.83,4.114,85.708,4189,2780.369644,2803.732613,1.01,696,167.8,30.3,30,43.79,12.5,177
11:36,26.43,3.289,86.934,3710,2592.727912,2560.131345,0.99,567.6,120.9,32.8,33.2,40.83,11.7,177
11:39,22.64,3.798,85.992,3683,2700.540448,2697.277853,1,647.7,148.6,31.3,31.3,42.53,12.2,177
11:41,26.55,2.986,79.274,3213,2595.246436,2541.802176,0.98,504.8,119.4,29.8,30.5,40.87,11.7,177
11:43,22.73,3.566,81.045,3528,2767.781452,2698.131614,0.97,596.8,148,28.7,29.4,43.59,12.5,178
11:45,34.48,3.176,109.517,3146,3343.629971,3159.604128,0.94,546.4,114.4,32,33.9,52.66,15,178
11:47,26.32,3.49,91.842,3805,2580.661538,2619.687848,1.02,609,124.3,34.9,34.4,40.64,11.6,178
11:50,22.22,3.364,74.756,3529,2379.738074,2385.869128,1,571.8,133.9,30.8,30.7,37.48,10.7,177
11:52,38.71,3.068,118.761,2563,3596.652508,3419.727993,0.95,528.6,110.3,32.3,33.9,56.64,16.2,177
11:53,46.88,2.243,105.141,2897,2748.205901,2634.967992,0.96,397.7,70.3,37.1,38.7,43.28,12.4,176
11:55,37.97,2.472,93.873,2442,2536.593196,2510.19024,0.99,435.1,82.6,36,36.3,39.95,11.4,176
11:56,45.45,2.065,93.864,2202,2554.347159,2417.82863,0.95,363.6,66.5,35.5,37.5,40.23,11.5,176
11:58,35.29,3.133,110.576,3207,3188.091176,3094.401569,0.97,544.9,109.5,33.9,34.9,50.21,14.3,177
12:00,24.49,3.321,81.331,3348,2398.336112,2405.521978,1,574.1,122.6,33.2,33.1,37.77,10.8,176
12:02,27.78,2.507,69.639,3012,2246.908643,2155.298704,0.96,425.7,96.8,30.1,31.4,35.38,10.1,176
12:04,32.09,2.347,75.305,2270,2672.826751,2496.375487,0.93,389.8,97,27.3,29.3,42.09,12,177
12:06,33.15,2.083,69.05,1997,2607.268496,2359.085858,0.9,340.8,88.7,25.6,28.3,41.06,11.7,177
12:08,30,3.145,94.35,3146,3266.874383,2965.360133,0.91,526.4,123.3,28.2,31.1,51.45,14.7,178
12:11,21.58,4.053,87.475,4256,2863.679037,2761.616581,0.96,685.7,159.6,30,31.1,45.1,12.9,178
12:13,23.53,3.32,78.118,3430,2706.527466,2602.737376,0.96,554,137.9,28.3,29.4,42.62,12.2,178
12:15,28.3,2.902,82.132,3102,2780.12887,2627.864738,0.95,487.5,115.8,28.8,30.5,43.78,12.5,179
12:17,29.27,2.726,79.785,2773,2768.860948,2593.615654,0.94,455.3,110.5,28.1,30,43.6,12.5,179
12:20,23.53,3.877,91.224,4138,2889.954505,2836.735557,0.98,660.4,150.4,31,31.6,45.51,13,179
12:21,40.82,1.933,78.898,2053,2518.156755,2361.283352,0.94,329.4,72.2,30.2,32.2,39.66,11.3,180
12:23,39.22,2.19,85.882,2299,2708.642012,2509.976269,0.93,374.4,79.9,30.7,33.1,42.66,12.2,180
12:25,28.04,2.997,84.028,3011,2901.780355,2727.333514,0.94,501.1,121.3,28.3,30.1,45.7,13.1,179
12:27,27.52,2.995,82.431,3166,2740.148401,2594.836556,0.95,505.3,117.6,29.4,31,43.15,12.3,178
12:29,31.91,2.854,91.085,3006,2970.536389,2800.979986,0.94,483.8,109.5,29.9,31.7,46.78,13.4,178
12:32,23.72,3.668,86.988,3720,2753.293918,2705.178892,0.98,624.9,142.3,31,31.5,43.36,12.4,179
12:34,23.9,3.478,83.139,3722,2701.846939,2674.001265,0.99,588.7,139.5,30.2,30.5,42.55,12.2,180
12:37,23.81,3.741,89.071,3789,2837.021961,2798.279098,0.99,636.3,146.6,30.8,31.2,44.68,12.8,180
12:39,22.9,3.795,86.908,3797,2874.067839,2833.898062,0.99,639.8,154.3,29.7,30.1,45.26,12.9,179
12:42,23.9,3.127,74.749,3426,2543.97843,2496.648624,0.98,523.6,130.2,28.7,29.3,40.06,11.4,179
12:45,20.13,3.196,64.349,3261,2505.963673,2378.001008,0.95,516.9,147.1,25.1,26.5,39.46,11.3,179
12:47,23.62,3.529,83.362,3648,3003.474131,2796.933594,0.93,583.9,147.6,27.2,29.2,47.3,13.5,179
12:50,24.29,3.624,88.032,3698,2995.20628,2842.027132,0.95,607.9,145.9,28.8,30.4,47.17,13.5,179
12:52,25.86,2.937,75.957,3155,2693.824938,2535.086215,0.94,487.7,122.2,27.5,29.2,42.42,12.1,179
12:54,28.04,3.084,86.467,3285,2894.702082,2733.361238,0.94,519.5,121.6,29.2,30.9,45.59,13,180
12:56,29.7,2.943,87.416,3063,2941.352739,2781.620795,0.95,495.1,116.8,29,30.7,46.32,13.2,180
12:58,28.99,3.04,88.116,3088,2813.985357,2680.661979,0.95,517.6,115.4,30.6,32.1,44.31,12.7,181
13:00,30.77,3.225,99.231,3199,3136.499671,2998.298692,0.96,550.3,121.6,31,32.4,49.39,14.1,181
13:03,26.43,3.114,82.308,3374,2649.458075,2568.033026,0.97,528.8,121.2,30.4,31.3,41.72,11.9,182
13:05,23.9,3.886,92.892,3920,3012.049855,2963.193755,0.98,658.3,154.6,30.3,30.8,47.43,13.6,182
13:07,25.97,3.307,85.896,3494,2826.070043,2768.093841,0.98,558.4,132.9,29.8,30.4,44.51,12.7,181
13:10,21.82,3.075,67.091,3110,2539.180349,2455.829743,0.97,500.9,140.2,25.8,26.7,39.99,11.4,181
13:13,25.86,3.786,97.914,3887,3233.443031,3108.2258,0.96,639.3,149.9,29.7,30.9,50.92,14.5,181
13:15,25.32,3.702,93.722,3794,2998.886492,2967.507035,0.99,628.9,146.2,30.7,31,47.23,13.5,182
13:17,28.85,3.144,90.692,3267,2957.789881,2895.800474,0.98,532,125.2,30,30.6,46.58,13.3,182
13:19,23.81,3.388,80.667,3501,2736.833215,2708.439189,0.99,567.5,141.8,28.9,29.2,43.1,12.3,182
13:22,25.21,3.367,84.882,3430,2913.880242,2827.069554,0.97,562.9,139.8,28.5,29.4,45.89,13.1,182
13:24,24.59,3.581,88.057,3844,2872.771697,2831.548883,0.99,605.7,143.6,30.1,30.5,45.24,12.9,182
13:26,27.65,2.996,82.839,3317,2684.199512,2631.457449,0.98,507.7,118.7,30.1,30.7,42.27,12.1,181
13:28,33.9,2.981,101.051,2913,3168.737973,3091.760882,0.98,509.1,113.8,31.1,31.9,49.9,14.3,182
13:30,28.3,3.291,93.142,3432,2903.876907,2874.212464,0.99,562.4,126.7,31.4,31.7,45.73,13.1,182
13:32,34.29,2.471,84.72,2738,2641.314638,2544.026104,0.96,422.8,92.6,31.2,32.4,41.6,11.9,181
13:34,34.88,2.369,82.64,2240,2704.629573,2530.186842,0.94,401.4,90.5,29.7,31.7,42.59,12.2,181
13:35,36.14,2.576,93.108,2697,3034.033733,2827.062525,0.93,437,97.6,29.9,32,47.78,13.7,181
13:37,34.09,2.951,100.602,3137,3119.34019,2957.757549,0.95,505.9,108.3,31.5,33.2,49.12,14,181
13:39,38.71,2.496,96.619,2582,2956.943989,2837.481459,0.96,428.9,91.5,31.8,33.1,46.57,13.3,181
13:40,38.71,2.454,94.994,2478,2977.836047,2834.863456,0.95,419.6,91.4,31,32.6,46.9,13.4,181
13:42,32.26,2.861,92.29,2982,2942.013421,2817.979931,0.96,487.2,109,30.6,31.9,46.33,13.2,181
13:44,29.13,3.158,91.981,3180,2969.95907,2888.388659,0.97,535.8,123.7,30.3,31.1,46.77,13.4,182
13:46,31.75,2.969,94.254,3041,3002.232441,2898.140533,0.97,505.5,113.9,30.7,31.8,47.28,13.5,182
13:48,37.97,2.614,99.266,2775,2991.727778,2880.581606,0.96,450.6,94.7,32.3,33.5,47.11,13.5,183
13:49,39.74,2.976,118.252,3104,3207.430483,3163.970187,0.99,523.5,99.5,36,36.5,50.51,14.4,183
13:51,47.62,2.326,110.762,2393,2913.532587,2856.812861,0.98,411.6,75,36.9,37.6,45.88,13.1,183
13:53,28.85,3.252,93.808,3245,2641.724321,2717.277606,1.03,566.9,117.6,34.7,33.8,41.6,11.9,183
13:54,33.15,3.177,105.315,3356,2935.537096,2975.731601,1.01,555.3,112.1,35.1,34.6,46.23,13.2,182
13:56,32.43,2.872,93.146,3110,2700.107409,2728.081617,1.01,498.1,105,33.7,33.3,42.52,12.1,182
13:58,30.61,3.034,92.878,3018,2824.504041,2789.057872,0.99,521.4,113.7,32.1,32.5,44.48,12.7,181
14:00,31.58,3.141,99.189,3073,3042.851772,2962.985656,0.97,539.1,117.1,31.9,32.7,47.92,13.7,182
14:02,26.43,3.937,104.062,4188,3020.876899,3032.013315,1,682.8,143.2,33.8,33.7,47.57,13.6,181
14:04,41.1,2.323,95.466,2278,2724.698836,2668.550915,0.98,404.7,81.1,34,34.7,42.91,12.3,182
14:06,32.79,2.817,92.361,3041,2835.857743,2761.095347,0.97,483.4,105.1,31.8,32.6,44.66,12.8,182
14:08,32.61,2.716,88.565,2749,2820.092224,2755.083709,0.98,462.2,105.4,30.6,31.3,44.41,12.7,182
14:09,46.88,1.982,92.906,2384,2790.850632,2650.31091,0.95,342.1,70.6,32.1,33.8,43.95,12.6,182
14:10,43.17,2.643,114.086,2552,3271.0016,3141.066125,0.96,460.4,90.9,34,35.4,51.51,14.7,182
14:12,33.9,3.127,106,3059,3159.698541,3120.374459,0.99,539.7,114.9,32.8,33.2,49.76,14.2,182
14:14,34.09,3.223,109.875,3497,3032.54599,3065.28039,1.01,564.5,112.3,35.4,35.1,47.76,13.6,182
14:15,36.36,2.868,104.291,2897,2899.951513,2943.943043,1.02,501.5,101.1,35.1,34.6,45.67,13,182
14:17,30.61,3.048,93.306,3205,2698.298988,2724.477324,1.01,528.9,111.1,33.8,33.5,42.49,12.1,182
14:19,36.36,2.702,98.255,2991,2845.485349,2833.954529,1,469,97.3,33.6,33.8,44.81,12.8,183
14:20,40.27,2.486,100.107,2324,2946.759483,2880.140978,0.98,430.4,89.3,33,33.8,46.41,13.3,183
14:22,37.04,2.85,105.556,2869,3139.24964,3061.624553,0.98,492.4,103.2,32.8,33.6,49.44,14.1,183
14:24,41.1,2.463,101.219,2699,2919.612693,2823.11543,0.97,428.4,85.8,33.7,34.8,45.98,13.1,183
14:25,41.38,2.305,95.379,2795,2622.376318,2573.245743,0.98,404.5,77.7,35.3,35.9,41.3,11.8,184
14:27,39.74,2.633,104.623,2296,3100.097562,2955.931715,0.95,455.7,92.9,32.9,34.5,48.82,13.9,183
14:28,35.93,2.778,99.808,2908,2979.571529,2874.754034,0.96,479.8,99.9,32.7,33.8,46.92,13.4,183
14:30,25.64,2.618,67.128,2568,2363.594392,2298.038932,0.97,434.8,111.7,27.6,28.4,37.22,10.6,184
14:41,34.48,2.726,94,2750,2821.180985,2826.75774,1,469.5,102.3,32.5,32.4,44.43,12.7,183
14:43,38.22,2.902,110.904,3174,2997.03093,3006.846267,1,510.5,98.3,36.1,36,47.2,13.5,183
14:45,27.78,4.009,111.361,4033,3007.121682,3149.827529,1.05,704.1,141.6,36.4,34.7,47.36,13.5,184
14:47,28.71,3.412,97.952,3462,2802.01177,2905.095954,1.04,592.7,126.3,34.2,33,44.13,12.6,184
14:49,28.71,3.541,101.656,3606,2966.319768,3062.010113,1.03,612.7,133.1,33.6,32.5,46.71,13.3,184
14:51,31.58,2.903,91.674,3108,2735.506554,2765.958404,1.01,500.4,109.3,32.7,32.3,43.08,12.3,185
14:54,25.86,3.734,96.569,3810,3000.49212,3029.123349,1.01,638,146.1,31.6,31.3,47.25,13.5,184
14:56,27.65,3.426,94.728,3462,2965.786645,2947.871572,0.99,584.8,133,31.3,31.5,46.71,13.3,185
14:58,27.65,3.211,88.783,3431,2850.348913,2849.025544,1,544.8,128.5,30.5,30.5,44.89,12.8,185
15:00,26.91,3.523,94.789,3503,3029.844639,3033.343934,1,598.3,140.6,30.7,30.6,47.71,13.6,185
15:02,29.13,3.253,94.748,3335,3004.390822,2981.880302,0.99,553.7,127.7,30.9,31.1,47.31,13.5,185
15:04,32.09,3.02,96.898,3035,3103.342645,3037.772318,0.98,513.2,118.1,30.5,31.2,48.87,14,185
15:06,25.97,3.871,100.545,4051,3032.771347,3087.377428,1.02,665.5,148.3,32.6,32,47.76,13.6,185
15:08,27.27,3.071,83.755,3269,2653.673951,2656.784924,1,522.6,121.5,30.8,30.8,41.79,11.9,185
15:11,25.42,3.776,96,3771,3082.185473,3076.265495,1,640.7,150.9,30.6,30.6,48.54,13.9,185
15:13,28.3,3.413,96.594,3526,3040.0166,3042.740264,1,581.7,134.1,31.1,31.1,47.87,13.7,185
15:15,25.1,3.907,98.084,3988,3037.666978,3071.16894,1.01,668,152.6,31.7,31.4,47.84,13.7,184
15:18,25.42,3.857,98.059,3881,3039.773465,3094.155451,1.02,659.1,151.8,31.7,31.1,47.87,13.7,184
15:20,29.85,3.108,92.776,3402,2868.701529,2851.948583,0.99,532,119.2,31.6,31.8,45.18,12.9,184
15:22,28.71,3.711,106.536,3923,3077.865823,3116.211986,1.01,644,135.5,34,33.5,48.47,13.8,185
15:23,41.38,2.858,118.262,3023,3182.610327,3185.892767,1,503.2,96.2,36.2,36.2,50.12,14.3,185
15:25,35.71,3.073,109.75,3064,3040.969447,3117.538882,1.03,537.5,109,35.3,34.4,47.89,13.7,186
15:27,30.77,3.327,102.369,3497,2899.176504,2959.978628,1.02,579.5,120.1,34.6,33.9,45.66,13,186
15:29,25.1,3.792,95.197,3787,2922.357038,2994.851569,1.02,649.2,148.8,32,31.2,46.02,13.1,186
15:32,25.86,3.509,90.75,3570,2995.820262,2997.482156,1,591.4,144.5,29.7,29.7,47.18,13.5,186
15:34,25,4.324,108.1,4507,3201.325588,3289.905872,1.03,746,164.2,33.2,32.3,50.41,14.4,187
15:36,26.43,3.412,90.185,3581,2834.217465,2869.53109,1.01,581.4,135.4,31.2,30.8,44.63,12.8,187
15:38,27.52,3.307,91.018,3388,2966.268468,2944.325717,0.99,559.3,133.4,30,30.3,46.71,13.3,187
15:41,27.65,3.838,106.12,3933,3248.980523,3251.003832,1,658.2,146.7,32.1,32,51.17,14.6,188
15:43,27.78,3.773,104.806,3809,3129.136078,3194.668544,1.02,650,143.5,32.9,32.2,49.28,14.1,188
15:45,23.72,4.016,95.241,4131,2965.716316,3034.860399,1.02,685.4,159.6,31.6,30.8,46.7,13.3,188
15:48,25,3.949,98.725,4104,3072.384548,3110.68171,1.01,674.4,155.2,31.6,31.2,48.38,13.8,188
15:50,30.46,3.83,116.65,3928,3343.143339,3366.523064,1.01,665.9,138,34.3,34,52.65,15,188
15:52,29.27,3.741,109.493,3984,3102.360343,3195.718313,1.03,651.3,136.3,34.6,33.6,48.86,14,188
15:54,29.7,3.751,111.416,3736,3183.554964,3293.611737,1.03,651.8,138.4,34.3,33.2,50.13,14.3,188
15:56,30.3,3.527,106.879,3660,3094.120599,3180.710444,1.03,611.4,131,33.9,32.9,48.73,13.9,188
15:58,31.75,3.852,122.286,3993,3297.520551,3454.850851,1.05,676.7,135.9,36.4,34.8,51.93,14.8,188
15:59,33.9,3.904,132.339,4044,3244.156554,3460.638772,1.07,697.3,127.6,40.1,37.6,51.09,14.6,189
16:01,31.58,3.59,113.368,3659,2965.393582,3142.65448,1.06,634,124.3,37.5,35.4,46.7,13.3,189
16:03,31.41,3.453,108.471,3650,2958.569344,3084.320376,1.04,605.4,122.6,35.9,34.5,46.59,13.3,189
16:05,34.68,3.16,109.595,3176,2953.662383,3026.458406,1.02,555.7,109,36.3,35.4,46.51,13.3,188
16:06,46.15,2.834,130.8,2889,3248.914224,3310.889439,1.02,505.9,89.7,39.3,38.5,51.16,14.6,189
16:08,41.96,3.111,130.531,3383,3238.59398,3325.599748,1.03,555.3,99.1,39.4,38.4,51,14.6,189
16:09,36.59,3.3,120.732,3576,3007.926101,3161.282981,1.05,588.1,108,39.3,37.4,47.37,13.5,189
16:11,30,3.724,111.72,3688,2993.696292,3171.324205,1.06,654.7,132,36.6,34.6,47.14,13.5,189
16:13,33.71,3.515,118.483,3658,3103.429483,3262.49875,1.05,620.8,120.9,37.4,35.6,48.87,14,189
16:15,35.29,3.475,122.647,3529,3146.524981,3330.731893,1.06,615.9,117.9,38.2,36.1,49.55,14.2,188
16:16,35.93,3.261,117.162,3462,3023.271138,3195.167265,1.06,577.4,111.1,37.9,35.9,47.61,13.6,189
16:18,40.27,2.772,111.624,2711,2953.93845,3049.338856,1.03,489,94.6,36.8,35.7,46.52,13.3,189
16:20,33.52,3.132,104.983,3261,2997.436198,3039.333706,1.01,544.8,113.2,34.2,33.8,47.2,13.5,189
16:22,33.52,3.662,122.749,3903,3239.504923,3334.959511,1.03,646.4,124.3,37.2,36.1,51.02,14.6,189
16:23,41.96,3.15,132.168,3265,3285.904253,3416.845076,1.04,561.8,101.8,39.3,37.8,51.75,14.8,190
16:24,45.11,2.899,130.782,2967,3188.870801,3326.637643,1.04,518.7,92.2,40,38.4,50.22,14.3,190
16:26,34.48,3.201,110.379,3284,2988.88298,3089.614441,1.03,562.2,111.9,36.1,34.9,47.07,13.4,190
16:28,34.68,3.231,112.058,3203,3103.578114,3166.112315,1.02,565.3,114,35.3,34.6,48.88,14,190
16:29,39.22,2.866,112.392,3420,2844.140649,2876.285675,1.01,510.1,91.7,38.6,38.1,44.79,12.8,190
16:31,41.38,3.115,128.897,2969,3293.200133,3407.046509,1.03,553,102.9,38.3,37,51.86,14.8,190
16:32,37.74,3.299,124.491,3451,3198.074681,3321.822041,1.04,585,110,38.1,36.7,50.36,14.4,191
16:34,37.74,3.277,123.66,3301,3190.721852,3334.32479,1.05,580.5,110.4,37.9,36.3,50.25,14.4,191
16:36,36.81,3.171,116.724,3203,3142.967974,3238.840051,1.03,557.6,109.9,36.3,35.2,49.5,14.1,191
16:37,35.93,3.504,125.892,3501,3332.470231,3439.666428,1.03,618.1,119.6,37,35.9,52.48,15,191
16:39,36.59,2.683,98.159,3052,2759.664559,2833.71456,1.03,467.9,96.7,34.6,33.7,43.46,12.4,192
16:40,51.28,2.774,142.256,2594,3502.998786,3555.146727,1.01,496,86.7,39.6,39,55.17,15.8,191
16:41,41.38,3.061,126.662,3252,3239.091191,3370.91041,1.04,543.2,101.8,38.2,36.7,51.01,14.6,191
16:43,32.79,3.945,129.344,4189,3120.168225,3373.313314,1.08,706.2,128.6,40.7,37.7,49.14,14,190
16:45,34.88,3.521,122.826,3644,2989.651973,3223.692605,1.08,629.4,115.5,40.3,37.3,47.08,13.5,191
16:47,36.36,3.583,130.291,3658,3146.21538,3371.498671,1.07,641.5,115.9,40.6,37.9,49.55,14.2,191
16:48,33.71,3.62,122.022,3790,3054.737947,3247.714584,1.06,644.3,120.4,39.2,36.8,48.11,13.7,190
16:50,33.33,3.397,113.233,3449,3047.099248,3205.924732,1.05,596.9,120.1,36.4,34.6,47.99,13.7,190
16:52,34.48,3.465,119.483,3503,3222.359584,3349.214854,1.04,608.9,121.3,36.3,35,50.75,14.5,190
16:54,32.43,3.377,109.524,3387,3140.00549,3224.536394,1.03,586.6,124.1,34.2,33.3,49.45,14.1,190
16:56,28.04,3.937,110.383,4114,3144.867456,3245.758643,1.03,684.6,144.5,34.5,33.4,49.53,14.2,191
16:58,33.52,3.773,126.469,3871,3363.342015,3493.950522,1.04,664.8,130.2,36.9,35.5,52.97,15.1,191
16:59,34.88,3.713,129.523,3813,3320.547236,3470.128313,1.05,658.5,124.3,38.3,36.6,52.29,14.9,191
17:01,30.61,4.013,122.847,4045,3184.098179,3362.110232,1.06,710,137.2,37.9,35.9,50.14,14.3,192
17:04,28.57,4.102,117.2,4209,3131.644583,3322.289629,1.06,721.5,145.2,36.8,34.7,49.32,14.1,192
17:06,28.04,4.123,115.598,4226,3125.722526,3321.318271,1.06,723.5,147.9,36.4,34.2,49.22,14.1,192
17:08,30.61,4.011,122.786,4147,3244.036025,3441.481038,1.06,707,140.4,37.2,35.1,51.09,14.6,192
17:10,29.7,3.754,111.505,3776,3103.173914,3267.140333,1.05,655.3,137.3,35.3,33.5,48.87,14,192
17:12,30.3,3.642,110.364,3828,3151.437728,3265.497433,1.04,632.9,134.5,34.3,33.1,49.63,14.2,192
17:14,29.56,3.702,109.419,3703,3178.807531,3275.457146,1.03,641.2,138.3,33.8,32.8,50.06,14.3,192
17:16,32.43,4.061,131.708,4300,3400.911185,3514.200745,1.03,719.6,135.4,38.1,36.8,53.56,15.3,191
17:17,32.97,4.16,137.143,4190,3355.213875,3576.45257,1.07,743.3,135.6,40.2,37.7,52.84,15.1,192
17:19,29.85,4.228,126.209,4171,3244.941918,3477.096876,1.07,748.7,145.5,38.3,35.7,51.1,14.6,192
17:21,29.56,4.084,120.709,4285,3151.920363,3405.924736,1.08,720.9,143.9,37.6,34.8,49.64,14.2,192
17:23,29.7,4.267,126.743,4319,3213.758855,3466.734485,1.08,757.3,145.8,38.8,36,50.61,14.5,192
17:25,29.7,4.051,120.327,4228,3116.213114,3362.954232,1.08,716.2,141.4,37.9,35.2,49.07,14,192
17:27,33.15,3.639,120.63,4229,2967.435518,3188.323535,1.07,649.4,120.2,39.9,37.1,46.73,13.4,192
17:29,36.14,3.743,135.289,3609,3344.810234,3618.67146,1.08,667.2,125.1,39.7,36.7,52.67,15,193
17:31,28.3,4.123,116.689,4229,3090.009613,3325.158409,1.08,726,146.7,37.1,34.5,48.66,13.9,193
17:33,29.41,4.071,119.735,4228,3198.310967,3403.627369,1.06,716,144.5,36.8,34.6,50.37,14.4,193
17:35,30.61,4.172,127.714,4316,3249.401266,3491.971279,1.07,740.1,142.5,38.6,36,51.17,14.6,193
17:37,30.15,4.1,123.618,4177,3161.302848,3415.617021,1.08,726.5,141.5,38.4,35.6,49.78,14.2,193
17:39,28.85,3.872,111.692,4045,3076.542107,3269.936756,1.06,677,141.5,35.6,33.5,48.45,13.8,193
17:41,30.3,4.145,125.606,4173,3356.348911,3520.748804,1.05,729.4,145.1,36.8,35.1,52.86,15.1,193
17:43,30,3.83,114.9,3892,3232.593413,3381.682548,1.05,667.3,140.7,34.9,33.4,50.91,14.5,194
17:45,30,3.961,118.83,4057,3275.588826,3407.131008,1.04,693.1,141.8,35.6,34.3,51.58,14.7,194
17:47,29.27,3.884,113.678,3984,3217.330159,3365.068703,1.05,675.9,143.5,34.7,33.2,50.67,14.5,194
17:49,29.85,4.093,122.179,4234,3305.198373,3485.635188,1.05,718.4,145.8,36.3,34.5,52.05,14.9,195
17:51,30.3,4.146,125.636,4261,3286.179179,3493.757531,1.06,732.1,144,37.6,35.4,51.75,14.8,194
17:53,29.85,4.137,123.493,4199,3209.443784,3444.128816,1.07,731.1,144.1,37.8,35.2,50.54,14.4,194
17:55,30,3.64,109.2,3829,3054.660804,3245.04231,1.06,634.5,135,35.1,33,48.1,13.7,194
17:57,33.15,3.632,120.398,4013,3190.986069,3336.040974,1.05,640.2,125.7,37,35.4,50.25,14.4,194
17:59,26.43,3.422,90.449,3356,2847.521567,2920.841494,1.03,582.5,137.8,31.1,30.3,44.84,12.8,194
18:01,34.48,3.955,136.379,3970,3723.30343,3812.944993,1.02,693.8,138.1,36,35.1,58.63,16.8,195
18:03,35.5,3.831,136.012,3900,3511.443626,3651.141292,1.04,678.7,128.5,38,36.6,55.3,15.8,194
18:04,45.11,2.899,130.782,3034,3169.633284,3312.023641,1.04,519.2,91.8,40.3,38.5,49.92,14.3,194
18:05,40.82,3.24,132.245,3672,3076.712831,3213.586455,1.04,584.2,98.5,42.1,40.3,48.45,13.8,193
18:07,39.22,3.47,136.078,3757,3151.022752,3373.72291,1.07,625.6,107.6,42.3,39.5,49.62,14.2,193
18:09,36.14,3.701,133.771,3703,3280.113209,3472.752165,1.06,661.2,120.1,40,37.8,51.66,14.8,194
18:10,44.12,3.025,133.456,3548,2972.267142,3169.292575,1.07,548.8,89.9,43.9,41.1,46.81,13.4,194
18:11,47.24,2.761,130.441,2763,3055.134807,3244.856839,1.06,497,85.9,41.6,39.2,48.11,13.7,194
18:13,43.48,3.401,147.87,3456,3471.422598,3699.137323,1.07,611.9,106.4,41.7,39.2,54.67,15.6,194
18:14,32.61,4.079,133.011,4236,3160.823131,3446.01908,1.09,731.8,132.1,41.4,37.9,49.78,14.2,194
18:16,31.91,3.946,125.936,3967,3170.164046,3399.904827,1.07,701.4,133.1,39,36.4,49.92,14.3,194
18:18,30.3,4.158,126,4409,3113.673425,3361.116461,1.08,741.3,138.6,39.8,36.9,49.03,14,195
18:20,36.36,3.645,132.545,3985,3148.307624,3388.446068,1.08,654.3,116.5,41.3,38.4,49.58,14.2,194
18:22,32.97,3.652,120.396,3767,3083.969424,3309.519368,1.07,647.1,125.4,38.3,35.7,48.57,13.9,195
18:23,35.93,3.659,131.461,3825,3255.638926,3443.714638,1.06,652.6,119.8,39.6,37.4,51.27,14.6,195
18:25,34.68,3.823,132.59,3940,3318.685742,3521.89257,1.06,680.5,126.9,39.2,37,52.26,14.9,195
18:27,32.79,3.73,122.295,3901,3133.100516,3311.832677,1.06,661.3,126.2,38.3,36.2,49.34,14.1,195
18:29,31.91,4.205,134.202,4378,3401.834979,3575.568308,1.05,747.1,140,38.8,36.9,53.57,15.3,195
18:31,31.91,4.254,135.766,4453,3247.617416,3510.472689,1.08,762.6,137.5,41.1,38,51.14,14.6,195
18:33,30.77,4.08,125.538,4283,3144.956341,3401.144533,1.08,725.6,138.1,39.2,36.3,49.53,14.2,195
18:35,29.7,4.24,125.941,4315,3189.351111,3438.122707,1.08,752.7,144.6,38.8,36,50.23,14.4,195
18:37,30.15,4.198,126.573,4191,3330.702971,3558.732863,1.07,740.3,147.4,37.4,35,52.45,15,195
18:39,30,4.381,131.43,4465,3401.910583,3638.789819,1.07,774.9,151.5,38,35.5,53.57,15.3,195
18:41,30.15,4.236,127.719,4331,3310.828767,3558.369468,1.07,748.9,147.4,37.9,35.3,52.14,14.9,195
18:43,30.3,4.224,128,4336,3310.269113,3534.723805,1.07,747.3,145.7,38,35.6,52.13,14.9,195
18:45,29.56,4.141,122.394,4309,3209.874085,3407.750434,1.06,730.9,144,37.5,35.3,50.55,14.4,195
18:47,30.61,3.894,119.204,4007,3246.875672,3420.316557,1.05,682.6,139.5,36.1,34.2,51.13,14.6,195
18:49,28.44,4.265,121.28,4295,3336.878459,3489.284267,1.05,746.4,153.2,35.7,34.2,52.55,15,194
18:51,30.15,4.197,126.543,4250,3400.954867,3548.942231,1.04,737.9,147,36.6,35.1,53.56,15.3,195
18:53,31.09,3.77,117.202,4008,3202.751255,3331.185044,1.04,660.8,133.8,35.9,34.5,50.44,14.4,195
18:55,31.09,4.259,132.404,4647,3212.082857,3421.976995,1.07,762.1,137.6,40.5,38.1,50.58,14.5,195
18:56,35.5,4.153,147.444,4232,3519.489714,3771.133265,1.07,745,132.8,41.2,38.4,55.43,15.8,195
18:58,32.97,4.129,136.121,4277,3307.140748,3555.432867,1.08,738.4,134.8,40.5,37.6,52.08,14.9,195
19:00,31.91,4.13,131.809,4346,3232.235728,3475.557245,1.08,737.4,136.1,40.1,37.3,50.9,14.5,196
19:02,31.75,4.264,135.365,4281,3348.51397,3610.076082,1.08,760.1,142.1,39.8,36.9,52.73,15.1,196
19:03,38.71,3.869,149.768,4020,3490.101072,3754.745964,1.08,696.7,121.3,42.1,39.2,54.96,15.7,196
19:05,34.48,3.828,132,4062,3214.190946,3456.924679,1.08,684.3,125.3,40.3,37.5,50.62,14.5,196
19:07,34.09,3.993,136.125,4120,3320.012644,3570.452287,1.08,713.6,130.9,40.3,37.5,52.28,14.9,197
19:09,31.75,4.264,135.365,4361,3302.383032,3550.930808,1.08,762,139.8,40.3,37.5,52.01,14.9,196
19:11,32.97,4.126,136.022,4390,3294.25329,3536.771174,1.07,738.3,134.1,40.6,37.8,51.88,14.8,197
19:12,37.74,3.845,145.094,4053,3365.275747,3636.133838,1.08,692.8,120.5,42.3,39.2,53,15.1,197
19:14,34.09,4.197,143.08,4188,3442.245526,3728.36493,1.08,751.6,136.7,40.9,37.7,54.21,15.5,197
19:16,34.09,4.179,142.466,4373,3405.001892,3662.282602,1.08,749.4,134.3,41.1,38.2,53.62,15.3,197
19:18,31.91,4.033,128.713,4141,3273.4146,3504.99035,1.07,715.6,137.2,38.6,36.1,51.55,14.7,197
19:19,33.71,3.913,131.899,4067,3339.501817,3544.84264,1.06,695.1,131.4,38.8,36.5,52.59,15,197
19:21,33.71,3.93,132.472,4012,3422.740524,3629.293928,1.06,695.6,134.5,38,35.9,53.9,15.4,198
19:23,34.48,3.796,130.897,3826,3437.873594,3599.691371,1.05,670.2,130.4,37.4,35.7,54.14,15.5,197
19:25,34.88,3.706,129.279,4065,3297.673369,3453.257137,1.05,657.8,123.7,38.5,36.7,51.93,14.8,197
19:26,38.71,4.003,154.955,4005,3645.093311,3850.23704,1.06,720.2,124.4,41.8,39.5,57.4,16.4,197
19:28,47.24,3.355,158.504,3660,3442.491582,3687.324662,1.07,610.9,97.7,45.1,42.1,54.21,15.5,198
19:29,40.27,3.761,151.45,3782,3421.151992,3714.926308,1.09,680.4,115.4,43.4,40,53.88,15.4,198
19:31,39.47,3.762,148.5,3917,3367.834077,3635.189922,1.08,680.3,115.2,43.3,40.1,53.04,15.2,198
19:42,36.59,3.991,146.012,4202,3302.686649,3594.675899,1.09,721.8,122.9,43.4,39.9,52.01,14.9,199
19:43,37.74,4.295,162.075,4388,3500.986344,3866.017271,1.1,781.9,128.2,45.5,41.2,55.13,15.8,200
19:45,38.22,4.029,153.975,4124,3406.996723,3732.81813,1.1,731,122.2,44.4,40.5,53.65,15.3,199
19:47,37.27,4.083,152.161,4112,3357.23059,3681.686882,1.1,741.1,123.6,44.5,40.6,52.87,15.1,199
19:48,35.71,4.137,147.75,4249,3318.665511,3643.37277,1.1,748.8,127.6,43.8,39.9,52.26,14.9,199
19:50,38.71,3.974,153.832,4008,3501.687097,3797.336229,1.08,718.1,122.7,43.2,39.8,55.14,15.8,199
19:51,38.46,3.999,153.808,4421,3257.401798,3588.89888,1.1,730.2,116.8,46.4,42.1,51.3,14.7,199
19:53,43.8,3.558,155.825,3588,3411.042373,3738.138834,1.1,646.6,106.8,44.8,40.9,53.72,15.3,199
19:54,37.5,3.976,149.1,4039,3360.817756,3669.542028,1.09,719.4,122.4,43.6,39.9,52.93,15.1,199
19:56,37.74,3.711,140.038,3965,3212.479838,3491.065129,1.09,669.7,115.7,42.8,39.4,50.59,14.5,199
19:57,38.71,3.895,150.774,3905,3458.831025,3729.339547,1.08,703.1,120.5,42.8,39.7,54.47,15.6,199
19:59,37.5,3.923,147.112,4038,3418.810016,3712.70301,1.09,706.5,123.8,42.3,38.9,53.84,15.4,200
20:01,38.22,3.802,145.299,4141,3308.13599,3587.030999,1.08,687,117.4,43.1,39.8,52.1,14.9,199
20:02,44.44,3.039,135.067,3283,3128.166372,3311.355505,1.06,548.1,93.2,42.2,39.8,49.26,14.1,199
20:03,44.78,2.88,128.955,3589,2873.052063,3022.83735,1.05,522.7,84.5,43.8,41.6,45.24,12.9,199
20:05,50,3.198,159.9,3051,3632.172894,3836.09305,1.06,578.6,96,43.1,40.8,57.2,16.3,199
20:06,40.54,3.664,148.541,3936,3301.777584,3603.391136,1.09,664.4,111.2,44.1,40.4,52,14.9,198
20:07,41.96,3.615,151.678,3779,3388.071206,3651.866436,1.08,655.3,108.9,43.9,40.7,53.36,15.2,199
20:09,40,4.091,163.64,4285,3456.894004,3851.15672,1.11,747,120.5,46.5,41.8,54.44,15.6,199
20:10,41.1,3.693,151.767,3916,3238.330799,3629.100279,1.12,673.2,110.5,46,41,51,14.6,199
20:12,38.96,3.735,145.519,3976,3184.499079,3534.708188,1.11,678.5,113.5,44.8,40.4,50.15,14.3,199
20:14,37.04,3.79,140.37,3848,3292.989068,3590.46966,1.09,681.4,121.2,41.8,38.4,51.86,14.8,199
20:15,40.27,3.601,145.007,3771,3402.388454,3694.181796,1.09,647.5,114.7,41.8,38.5,53.58,15.3,199
20:16,46.88,3.25,152.344,3485,3412.056,3694.298043,1.08,588.8,98.6,43.7,40.3,53.73,15.4,199
20:17,53.1,2.834,150.478,3153,3240.558265,3529.530582,1.09,516.4,83.2,45.3,41.6,51.03,14.6,199
20:19,44.78,3.494,156.448,3556,3502.320522,3800.982473,1.09,633,106.2,43.8,40.3,55.15,15.8,199
20:20,41.38,3.666,151.697,3988,3310.557623,3617.588726,1.09,666.6,109.4,44.9,41.1,52.13,14.9,200
20:22,41.67,4.105,171.042,4073,3537.948175,3964.191042,1.12,751.7,119.1,47.5,42.4,55.72,15.9,200
20:23,44.78,3.398,152.149,3675,3153.043168,3544.91709,1.12,622,99.1,47.3,42,49.65,14.2,200
20:24,42.55,3.56,151.489,3633,3324.819691,3694.124992,1.11,646.4,108.6,44.7,40.2,52.36,15,201
20:26,36.81,4.068,149.742,4379,3293.099655,3660.562128,1.11,738.4,124.4,44.7,40.2,51.86,14.8,200
20:28,40.27,3.706,149.235,3890,3285.317843,3634.126093,1.11,672.7,112.9,44.6,40.3,51.74,14.8,201
20:29,38.46,3.948,151.846,4096,3387.891351,3754.656093,1.11,715.1,122.1,44,39.7,53.35,15.2,201
20:31,39.22,3.761,147.49,3874,3393.829829,3732.172499,1.1,678.1,119,42.6,38.8,53.45,15.3,201
20:32,39.74,4.067,161.603,4225,3553.28924,3909.625383,1.1,738.5,123.1,44.7,40.6,55.96,16,200
20:34,40.27,3.998,160.993,4269,3432.103889,3845.607448,1.12,728.9,119.5,46.1,41.1,54.05,15.4,201
20:35,40,3.893,155.72,4021,3380.193706,3763.002376,1.11,708,117.7,45.2,40.6,53.23,15.2,201
20:37,38.71,3.919,151.703,4083,3402.278339,3766.700152,1.11,709.3,121.7,43.8,39.6,53.58,15.3,200
20:38,39.47,3.666,144.711,3906,3275.825573,3617.26398,1.1,662.6,114.6,43.3,39.2,51.59,14.7,201
20:40,44.12,3.546,156.441,3542,3512.275084,3851.561246,1.1,641.9,109.2,43.7,39.8,55.31,15.8,201
20:41,39.47,3.892,153.632,4065,3449.970569,3799.815681,1.1,704.4,120.4,43.7,39.7,54.33,15.5,201
20:43,43.17,3.971,171.41,4219,3581.956202,3979.28332,1.11,726.3,115.4,47,42.3,56.41,16.1,201
20:44,42.55,3.919,166.766,4028,3473.788675,3878.755401,1.12,717,114.1,47.1,42.2,54.71,15.6,200
20:45,44.12,3.905,172.279,3953,3548.163781,3978.680744,1.12,715.5,112.9,47.7,42.5,55.88,16,200
20:47,43.17,3.85,166.187,4162,3298.423378,3743.250317,1.13,708.8,108.6,49.5,43.6,51.94,14.8,201
20:48,43.17,3.852,166.273,3925,3340.489717,3771.186599,1.13,708.1,109.4,48.9,43.3,52.61,15,201
20:49,46.51,3.342,155.442,3689,3177.862522,3596.518405,1.13,612.8,96.8,47.9,42.3,50.05,14.3,201
20:51,44.44,3.65,162.222,3721,3430.466021,3817.414746,1.11,666.4,107.5,46.4,41.7,54.02,15.4,201
20:52,45.8,3.679,168.504,3596,3626.428862,4044.84702,1.12,669.9,110.5,45.6,40.9,57.11,16.3,201
20:53,41.1,3.676,151.068,4155,3230.444145,3586.040623,1.11,670.1,109.2,45.9,41.3,50.87,14.5,202
20:55,44.12,3.613,159.397,3570,3477.415033,3850.617151,1.11,656.7,109.2,44.9,40.6,54.76,15.6,201
20:56,43.48,3.758,163.391,3956,3423.19046,3817.430183,1.12,687,109.9,46.8,42,53.91,15.4,202
20:58,43.48,3.679,159.957,3822,3384.269124,3790.375162,1.12,671.5,109.1,46.4,41.4,53.3,15.2,202
20:59,46.51,3.451,160.512,3672,3331.859874,3719.183063,1.12,631.7,100.1,47.2,42.3,52.47,15,201
21:00,45.45,3.544,161.091,3570,3511.385604,3913.100867,1.11,644.1,107.7,45,40.4,55.3,15.8,202
21:02,41.38,3.639,150.579,3871,3310.162798,3674.95042,1.11,660.6,111.1,44.6,40.2,52.13,14.9,202
21:03,42.55,3.785,161.064,3811,3594.860891,3973.651773,1.11,685.6,116.8,44,39.8,56.61,16.2,201
21:04,44.12,3.489,153.926,3897,3258.246789,3645.140084,1.12,636.8,103.4,46.3,41.4,51.31,14.7,201
21:06,42.55,3.998,170.128,3941,3606.861568,4056.909883,1.12,729.4,119.3,46.3,41.2,56.8,16.2,201
21:07,38.22,3.909,149.389,4316,3178.458388,3573.370995,1.12,712.8,117,46.2,41.1,50.05,14.3,203
21:09,38.71,4.173,161.535,4286,3409.082213,3870.154735,1.14,761.6,125.1,46.6,41,53.69,15.3,202
21:10,39.22,4.132,162.039,4139,3521.991137,3968.902646,1.13,751,126.6,45.2,40.1,55.46,15.8,202
21:12,41.38,3.823,158.193,4079,3369.247137,3789.810791,1.12,697,114.6,46.1,41,53.06,15.2,202
21:13,46.88,3.434,160.969,3573,3404.163311,3816.846817,1.12,626.8,101.9,46.3,41.3,53.61,15.3,202
21:15,43.8,3.783,165.679,3766,3568.668449,3954.901172,1.11,688.9,113,45.6,41.1,56.2,16.1,202
21:16,48,3.305,158.64,3374,3459.853772,3821.0129,1.1,600.8,99.6,44.9,40.6,54.49,15.6,201
21:17,49.18,3.155,155.164,3466,3228.223896,3570.793871,1.11,577.5,90.9,47,42.5,50.84,14.5,202
21:18,42.25,3.255,137.535,3253,3186.093599,3460.061053,1.09,586.5,102.4,42.2,38.9,50.17,14.3,202
21:20,40.27,3.123,125.758,3861,2626.447544,2878.481087,1.1,571.5,89.5,46.8,42.7,41.36,11.8,202
21:21,57.14,3.018,172.457,3178,2979.199995,3443.347154,1.16,565.2,75.6,56.5,48.9,46.92,13.4,202
21:22,44.78,3.732,167.104,3863,2798.333802,3257.216449,1.16,701.3,91.3,58.6,50.3,44.07,12.6,201
21:24,44.78,3.808,170.507,3954,2813.113626,3375.836392,1.2,716.2,94.6,59.5,49.6,44.3,12.7,201
21:25,44.44,3.73,165.778,3909,2668.854819,3193.547269,1.2,703.5,90.2,60.9,50.9,42.03,12,200
21:26,43.17,3.692,159.367,3749,2662.764578,3193.088536,1.2,693.4,92.8,58.7,49,41.93,12,199
21:28,44.78,3.362,150.537,3451,2580.841343,3066.753259,1.19,629.7,85.9,57.1,48.1,40.64,11.6,198
21:29,43.8,3.324,145.577,3233,2675.681284,3113.635232,1.16,617.7,89.1,53.3,45.8,42.14,12,197
21:30,44.12,3.216,141.882,3440,2584.39765,2991.551896,1.16,598.4,85,53.7,46.4,40.7,11.6,197
21:33,37.27,1.487,55.416,3693,1017.929336,1177.432323,1.16,276.4,39.6,51.9,44.8,16.03,4.6,195
21:56,3.27,0.873,2.856,159,1.7882181,9.9422083,5.56,181.4,4.1,1469.1,264.2,0.03,0,185
22:05,5.14,0.06,0.308,12,0,0.3253113,0,16.8,0.1,2.3,0,0,0,181
22:19,4.97,0.159,0.79,244,0,1.3626138,0,37.5,0.4,0,324.4,0,0,178